id,nombre,nombre_display,lat,lon,ubicacion,sector,sentido,pr,distancia_pr_m,telefono_grua,telefono_peaje,url_ficha,tarifa_cat1,operador,operador_tipo,codigo_peaje,codigo_tramo,territorial
rio-frio,RÍO FRÍO,RÍO FRÍO,3.99550924900007,-76.328496698,Mediacanoa - Ansermanuevo,Mediacanoa - Roldanillo,Norte – Sur / Sur - Norte,13,600,,3102454252,https://hermes.invias.gov.co/recursos/Fichas%20Peajes/3873.pdf,12200,INVIAS,INVIAS,4,2302,25
san-clemente,SAN CLEMENTE,SAN CLEMENTE,5.33243849400003,-75.7756032779999,Vía Cauyá - El Palo,Cauyá - La Felisa,Ambos sentidos de circulación,17,150,,3102454264,https://hermes.invias.gov.co/recursos/Fichas%20Peajes/3931.pdf,12200,INVIAS,INVIAS,21,2508,5
los-curos,LOS CUROS,LOS CUROS,6.82563436700002,-72.999481869,Aratoca - Bucaramanga,San Gil - Bucaramanga,Aplica en ambos sentidos,53,730,,,https://hermes.invias.gov.co/recursos/Fichas%20Peajes/3817.pdf,12100,INVIAS,INVIAS,85,45A07,22
casablanca,CASABLANCA,CASABLANCA,5.10439419400006,-73.912827744,Cogua – Tausa Km 40+000,Bogotá - Ubaté,Sur – Norte // Norte – Sur,40,0,,,https://hermes.invias.gov.co/recursos/Fichas%20Peajes/3990.pdf,12100,INVIAS,INVIAS,81,45A04,12
sachica,SÁCHICA,SÁCHICA,5.55768487600005,-73.5011577779999,Vía Chiquinquirá Tunja km 42+800 Jurisdicción Sáchica,Sáchica - Tunja,Ambos sentidos de circulación,50,200,,3102455356,https://hermes.invias.gov.co/recursos/Fichas%20Peajes/3884.pdf,12200,INVIAS,INVIAS,113,6008,4
arcabuco,ARCABUCO,ARCABUCO,5.79502465700006,-73.477619939,Barbosa - Tunja,Barbosa - Tunja,Ambos sentidos de circulación,27,700,,3205221387,https://hermes.invias.gov.co/recursos/Fichas%20Peajes/3896.pdf,12200,INVIAS,INVIAS,116,6209,4
el-crucero,EL CRUCERO,EL CRUCERO,5.63127850700005,-72.9212520309999,Via Sogamoso Yopal Km 8+900 Jurisdiccion Sogamoso,Sogamoso - El Crucero,Ambos sentidos de circulación,13,150,,3102455402-3134819171,https://hermes.invias.gov.co/recursos/Fichas%20Peajes/3875.pdf,12200,INVIAS,INVIAS,117,6211,4
curiti,CURITÍ,CURITÍ,6.61769608900005,-73.0803086669999,San Gil - Aratoca,San Gil - Bucaramanga,Ambos sentidos,11,320,,,https://hermes.invias.gov.co/recursos/Fichas%20Peajes/3986.pdf,12100,INVIAS,INVIAS,84,45A07,22
oiba,OIBA,OIBA,6.17823641900003,-73.333289569,Vía Puente Nacional – San Gil Km 62+950,Puente Nacional - San Gil,NORESTE- SUROCCIDENTE,63,0,,,https://hermes.invias.gov.co/recursos/Fichas%20Peajes/3839.pdf,12100,INVIAS,INVIAS,83,45A06,22
cocorna,COCORNÁ,COCORNÁ,6.12460709800007,-75.243039628,KM 03+100 RUTA 6005 Via Santuario - Puerto Triunfo,El Santuario - Cruce Ruta 45 (Caño Alegre),Sur – Norte,3,95,(322 384 5814) este número también sirve para solicitar ambulancia,,https://hermes.invias.gov.co/recursos/Fichas%20Peajes/3861.pdf,17900,INVIAS,INVIAS,111,6005,1
puerto-triunfo,PUERTO TRIUNFO,PUERTO TRIUNFO,5.87259891400004,-74.611395406,KM 130+100 RUTA 6005 Autopista Medellin - Bogota,Santuario - Cruce Ruta 45 (Caño Alegre),Sur – Norte,130,100,322 384 5814,,https://hermes.invias.gov.co/recursos/Fichas%20Peajes/3808.pdf,17900,INVIAS,INVIAS,112,6005,1
saboya,SABOYÁ,SABOYÁ,5.72786479600006,-73.744665879,Vía Ubate Puente Nacional Km 66+200 Jurisdicción Saboyá,Ubaté - Puente Nacional,Ambos sentidos de circulación,66,500,,,https://hermes.invias.gov.co/recursos/Fichas%20Peajes/3953.pdf,12100,INVIAS,INVIAS,82,45A05,4
bicentenario,BICENTENARIO,BICENTENARIO,5.20310293600005,-74.6846173499999,Villeta - Puerto Salgar,Honda - Villeta,Ambos sentido de circulación,7,975,,3232059073,https://hermes.invias.gov.co/recursos/Fichas%20Peajes/3847.pdf,13000,INVIAS,INVIAS,94,5008,12
el-placer,EL PLACER,EL PLACER,1.06457300000005,-77.428397,"Carretera Panamericana, límite Tangua / Yacuanquer, PR 49+560",Rumichaca - Pasto,,49,560,"Móvil1: 3174275839 - atiende los municipios Ipiales - Contadero e Iles Móvil 2: 3174042366 - atiende a los Municipios de Imués - Yacuanquer - Tangua y Pasto","3173682092 – 3173310921",http://hermes.invias.gov.co/carreteras/images/peajes/peaje.jpg,19900,Concesionaria Vial Unión del Sur,Concesión,9,2501,28
zaragoza,ZARAGOZA,ZARAGOZA,7.63328800000005,-74.8947039999999,Antioquia - Zaragoza,Autopista Conexión Norte,,21,310,,,,15900,,Por definir,,25AN17,28
cerritos-ii,CERRITOS II,CERRITOS II,4.79340820900006,-75.859962863,Vía Andalucía – Y de Cerritos PR2506 Km 86,La Victoria - Cartago - Cerritos,Sur – Norte,85,867,,3128509233 - 3113042754 - 3132158,http://hermes.invias.gov.co/carreteras/images/peajes/peaje.jpg,15200,Concesionaria de Occidente,Concesión,18,2506,21
toro,TORO,TORO,4.66542497700004,-76.049532448,Mediacanoa - Ansermanuevo,Roldanillo - La Virginia,Sur - Norte // Norte - Sur,106,0,,3102454238,https://hermes.invias.gov.co/recursos/Fichas%20Peajes/3872.pdf,12200,INVIAS,INVIAS,5,2302,25
cano,CANO,CANO,1.42545608200004,-77.284452436,San Juan de Pasto - Cano,Pasto - Mojarras,Norte – Sur,36,0,,,https://hermes.invias.gov.co/recursos/Fichas%20Peajes/3862.pdf,14800,INVIAS,INVIAS,10,2502,17
el-bordo,EL BORDO,EL BORDO,2.18894946000006,-76.851164685,Kilometro 60+800 Vía Panamericana Mojarras – Popayan,Mojarras - Popayán,Sur – Norte // Norte – Sur,61,300,,3112363938 / 2800138,https://hermes.invias.gov.co/recursos/Fichas%20Peajes/3975.pdf,12400,INVIAS,INVIAS,11,2503,8
la-parada,LA PARADA,LA PARADA,7.86745647200007,-72.484164639,Km. 2 de la Autopista Internacional que comunica a Cúcuta con San Antonio,Cúcuta - Puente Internacional Simón Bolívar,Sentido San Antonio (Venezuela) - Cúcuta,1,792,320 345 2139,3104946611,http://hermes.invias.gov.co/carreteras/images/peajes/peaje.jpg,2700,INVIAS,INVIAS,129,7010,18
platanal,PLATANAL,PLATANAL,8.23123833000005,-73.4985723359999,Km 14 Vía Aguasclaras – Ocaña,Aguaclara - Río de Oro,Sur – Norte Ambos sentidos,14,200,,,https://hermes.invias.gov.co/recursos/Fichas%20Peajes/3915.pdf,11800,INVIAS,INVIAS,128,7007,26
rio-blanco,RÍO BLANCO,RÍO BLANCO,7.63281900600003,-73.263641967,Rio Negro – San Alberto,Río Negro - San Alberto,Norte – Sur,62,960,,3124570764,https://hermes.invias.gov.co/recursos/Fichas%20Peajes/3823.pdf,12400,INVIAS,INVIAS,86,45A08,22
los-llanos,LOS LLANOS,LOS LLANOS,6.83050248100005,-75.468140396,KM 03+450 RUTA 2511 - vía Medellin - La Costa,Los Llanos - Tarazá,Norte - Sur,3,500,(322 384 5814) este número también sirve para solicitar ambulancia,3102462831,https://hermes.invias.gov.co/recursos/Fichas%20Peajes/3848.pdf,12400,INVIAS,INVIAS,26,2511,1
taraza,TARAZÁ,TARAZÁ,7.58927623200003,-75.393524024,KM 01+200 RUTA 2512 - Via Medellin - La Costa,Tarazá - Caucasia,Sur – Norte,1,300,(322 384 5814) este número también sirve para solicitar ambulancia,3102463888,https://hermes.invias.gov.co/recursos/Fichas%20Peajes/3838.pdf,12400,INVIAS,INVIAS,27,2512,1
carimagua,CARIMAGUA,CARIMAGUA,8.60485611200005,-75.484821096,Vía Planeta Rica - Sincelejo Km 26 + 300,Planeta Rica - La Ye,Sur – Norte,26,300,,3102467110 - 3205221762,https://hermes.invias.gov.co/recursos/Fichas%20Peajes/3821.pdf,17700,INVIAS,INVIAS,30,2514,11
rincon-hondo,RINCÓN HONDO,RINCÓN HONDO,9.43103200100006,-73.473552148,Tramo que cubre:Vía Rincón Hondo - Agustín Codazzi,San Roque - La Paz,Aplica en ambos sentidos de circulación,17,600,,,https://hermes.invias.gov.co/recursos/Fichas%20Peajes/3964.pdf,14000,INVIAS,INVIAS,87,4901,9
san-diego,SAN DIEGO,SAN DIEGO,10.1217258250001,-73.238637775,Tramo que cubre:Vía Aguztín Codazzi - San Diego,San Roque - La Paz,Aplica en ambos sentidos de circulación,105,250,,,https://hermes.invias.gov.co/recursos/Fichas%20Peajes/3889.pdf,7000,INVIAS,INVIAS,88,4901,9
san-juan,SAN JUAN,SAN JUAN,10.8000159330001,-72.9755403249999,Ubicación: 61+400Tramo que cubre:Vía La Paz – Distracción,Río Pereira - Buenavista,Aplica en ambos sentido de circulación,61,400,,,https://hermes.invias.gov.co/recursos/Fichas%20Peajes/3981.pdf,,INVIAS,INVIAS,89,4902,13
supia,SUPIA,SUPIA,5.54052600000006,-75.570252,,Autopista Conexión Pacífico 3,,81,510,,,,10500,,Por definir,,2508,28
guaico,GUAICO,GUAICO,5.10591700000003,-75.760278,,,,0,0,,,,21000,,Por definir,150,,28
armero,ARMERO,ARMERO,4.95835200000005,-74.9144259999999,Vía San Gil - Bucaramanga Km 53+730 Jurisdicción Municipio de Piedecuesta,San Gil - Bucaramanga,,0,0,,,,13700,,Por definir,108,0,28
irra,IRRA,IRRA,5.25773200000003,-75.657461,,,,36,710,,,,14600,,Por definir,42,2903,28
galapa-02,GALAPA 02,GALAPA 02,10.8821750000001,-74.8370609899999,,,,11,720,,,,8300,,Por definir,36,25AT04,28
cocora,COCORA,COCORA,4.40574700000008,-75.2855,,,,0,0,,,,14200,,Por definir,151,,28
la-lizama,LA LIZAMA,LA LIZAMA,7.08351700000003,-73.717392,La Lizama,Barrancabermeja - La Lizama ubicación km 4,Barrancabermeja - La Lizama (Aplica en ambos sentidos),4,0,3103910901 - (57) 685 4666,,,16700,Ruta del Cacao,Concesión,123,4513,22
cirilo,CIRILO,CIRILO,8.21002779000003,-76.744136536,Vía turbo - Necoclí,Vía Turbo - Necoclí,Norte - Sur. Sur - Norte,18,70,3105553979 // #979,3105553979 // #979,,12100,Concesión Autopistas Urabá,Concesión,134,9001,1
juan-mina,JUAN MINA,JUAN MINA,10.9343822760001,-74.898251187,Vía La Cordialidad - Galapa,Vía Juan Mina - Las Hermanas,Norte - Sur. Sur - Norte,"24,200",0,311 4803629,018000977330,,8300,Concesión Costera - Barranquilla - Cartagena,Concesión,37,25AT04,2
sopo,SOPÓ,SOPÓ,4.84165600000006,-73.9360839999999,El Salitre - Sopó,Meusa,Sur - Norte,2,0,310 2399451 - #765,313 4609939,,12300,PERIMETRAL ORIENTAL DE BOGOTÁ S.A.S,Concesión,100,50 CN 03,12
brisas,BRISAS,BRISAS,5.45854500000007,-74.6397259999999,Vía Mediacanoa - Ansermanuevo Km 13,Mediacanoa - Ansermanuevo,(Aplica en ambos sentidos),7,0,3219738507,3219738507,,6400,Concesión Alto Magdalena,Concesión,63,4510,28
lebrija,LEBRIJA,LEBRIJA,7.10312711700004,-73.188611598,Vía Fortuna - Bucaramanga Km 65+500 Jurisdicción del municipuio de Lebrija,Lebrija - Palenque,Sur - Norte,64,362,,3188884392,,7200,FINDETER,Concesión,125,6602,22
rionegro,RÍONEGRO,RÍONEGRO,7.24326752600007,-73.149403777,Vía Bucaramanga - Rionegro Km 13,La cemento - Rionegro,Norte - Sur,13,100,,6569259,,7200,FINDETER,Concesión,157,45A08,22
san-carlos,SAN CARLOS,SAN CARLOS,8.70998500000007,-75.716599,Vía Montería - San Carlos ubicado sobre el Km - 9+700,Monteria - San Carlos,Aplica en ambos sentidos,9,300,3216177100,,,15800,Concesión Ruta al Mar,Concesión,73,3306,11
guataqui,GUATAQUÍ,GUATAQUÍ,4.56443500000006,-74.797319,Km 3 Ruta 45,Tramo que cubre la via Guataquí - Cambao - Honda,Aplica en ambos sentidos,3,0,3219738507,3219738507,,12800,Concesión Alto Magdalena,Concesión,69,4508,12
rozo,ROZO,ROZO,3.64389600000004,-76.381091,Vía Palmaseca - Cerrito Km 17,Palmaseca - El Cerrito,Norte – Sur,0,0,,,https://hermes.invias.gov.co/recursos/Fichas%20Peajes/6004.pdf,11000,,Por definir,17,2505B,25
villarica,VILLARICA,VILLARICA,3.15127600000005,-76.460045,Kilometro 91 Vía Panamericana Jurisdicción del Municipio de Villa Rica,Popayán - Jamundí,Sur – Norte // Norte – Sur,89,"1,314",,,https://hermes.invias.gov.co/recursos/Fichas%20Peajes/5607.pdf,11000,,Por definir,12,2504,8
mediacanoa,MEDIACANOA,MEDIACANOA,3.75991200000004,-76.411322,Vía Cali – Mediacanoa Km 36+600,Yumbo - Mediacanoa,Sur - Norte // Norte - Sur,51,848,,,https://hermes.invias.gov.co/recursos/Fichas%20Peajes/5606.pdf,11000,CONCESION ANI,Concesión,3,2301,25
cerrito,CERRITO,CERRITO,3.71302200000002,-76.31918,Vía Cali - Andalucia Km 43+200,Cali - Palmira - Buga,Sur - Norte // Norte - Sur,44,893,,,https://hermes.invias.gov.co/recursos/Fichas%20Peajes/5605.pdf,11000,CONCESION ANI,Concesión,16,2505,25
cencar,CENCAR,CENCAR,3.55733700000008,-76.462683,Vía Yumbo – Aeropuerto Km 2+950,Cali - Yumbo,Sur - Norte // Norte - Sur,0,0,,,https://hermes.invias.gov.co/recursos/Fichas%20Peajes/5604.pdf,11000,CONCESION ANI,Concesión,7,2301,25
paso-de-la-torre,PASO DE LA TORRE,PASO DE LA TORRE,3.62760200000002,-76.4576509999999,Vía Vijes – Rozo Km 1+500,Paso de La Torre - Siberia (Variante Yumbo),Sur - Norte,26,221,,,https://hermes.invias.gov.co/recursos/Fichas%20Peajes/5205.pdf,11000,,Por definir,8,23VL02,25
ciat,CIAT,CIAT,3.52344900000003,-76.3432789999999,Vía Cali – Andalucía Km 17+300,Cali - Palmira - Buga,Norte – Sur,16,344,,,https://hermes.invias.gov.co/recursos/Fichas%20Peajes/5204.pdf,11100,CONCESION ANI,Concesión,15,2505,25
tunia-siniestrada,TUNIA (SINIESTRADA),TUNIA (SINIESTRADA),2.70169011300004,-76.536811321,Kilometro 31+100 Vía Panamericana Popayan – Cali,Popayán - Jamundí,Sur – Norte // Norte – Sur,30,"1,053",,,https://hermes.invias.gov.co/recursos/Fichas%20Peajes/4805.pdf,,INVIAS,INVIAS,13,2504,8
estambul,ESTAMBUL,ESTAMBUL,3.50073900000007,-76.4430649999999,Vía Cali – Andalucía Km 5,Cali - Palmira - Buga,Sur - Norte,4,954,,,https://hermes.invias.gov.co/recursos/Fichas%20Peajes/4804.pdf,11100,CONCESION ANI,Concesión,14,2505,25
corredor-portuario,CORREDOR PORTUARIO,CORREDOR PORTUARIO,10.957823864,-74.766759404,,Calle 6,,0,0,,,http://hermes.invias.gov.co/carreteras/images/peajes/peaje.jpg,6400,,Por definir,178,,2
pasacaballos,PASACABALLOS,PASACABALLOS,10.2445070000001,-75.445772,Variante de Gambote,Variante de Gambote,Sur - Norte // Norte - Sur,17,240,321 205 72 27,,,11400,AUTOPISTAS DEL SOL S.A.,Concesión,149,90BLB,3
los-garzones-2,LOS GARZONES 2,LOS GARZONES 2,8.82778300000007,-75.836761,Vía Monteria - Lorica Km. 1 más 320 metros,Montería - Cereté,GARZONES 2 NORTE - SUR.,6,130,3184095455 – 3182406622,3124964386,,6100,INVIAS,INVIAS,135,2103,11
naranjal,NARANJAL,NARANJAL,4.27987200000007,-73.834808,Caqueza – Guayabetal Km 44+700,Bogotá (El Portal) - Villavicencio,Occidente – Oriente // Oriente – Occidente,50,166,3123060332 - 3105851322 -3105851325 y #713,3144360298 // 3123060332 - 3105851322,http://hermes.invias.gov.co/carreteras/images/peajes/peaje.jpg,14100,COVIANDINA S.A.S.,Concesión,57,4006,12
morrison,MORRISON,MORRISON,8.09234900000007,-73.560015,Km 28+500 Vía San Alberto – Aguaclara,San Alberto - La Mata,Norte – Sur – Norte,39,653,,3165280395,https://hermes.invias.gov.co/recursos/Fichas%20Peajes/3995.pdf,12300,Concesión ruta el sol,Concesión,74,4514,26
chinauta,CHINAUTA,CHINAUTA,4.26937800000007,-74.500107,Soacha – Girardot Km 52,Girardot - Silvania - Bogotá (Bosa),Sur - Norte // Norte - Sur,51,"1,059",3104224687 - 3117872339 - 3117903187,3104224687 - 3117872339 - 3117903187,http://hermes.invias.gov.co/carreteras/images/peajes/peaje.jpg,13300,Concesión Vía 40 Express,Concesión,53,4005,12
la-uribe,LA URIBE,LA URIBE,4.25246825100004,-76.118437533,Vía Andalucía – Cerritos Km 12+300,Andalucía - La Paila -La Victoria,Norte – Sur / Sur - Norte,12,296,2238660 - 3155602442,3155602442,http://hermes.invias.gov.co/carreteras/images/peajes/peaje.jpg,8400,PISA Proyectos de Infraestructura S.A.,Concesión,155,2506,25
cambao,CAMBAO,CAMBAO,4.94641200000007,-74.719094,VÍA BUCARAMANGA - SAN GIL,San Gil - Bucaramanga,Aplica en ambos sentidos,5,0,3219738507,3219738507,,12800,Concesión Alto Magdalena,Concesión,70,4509,28
la-nevera-no-operativo,LA NEVERA (NO OPERATIVO),LA NEVERA (NO OPERATIVO),5.52491058900006,-72.206138266,Paz de Ariporo - Yopal Km. 34+900,Paz de Ariporo - Yopal,Bidireccional,34,900,,,,,INVIAS,INVIAS,,6513,7
alvarado,ALVARADO,ALVARADO,4.50760900000006,-74.991661,Vía Andalucía – Y de Cerritos PR2506 Km 86,La Victoria - Cartago - Cerritos,Norte-Sur - y - Sur-Norte,19,780,350 666-6375 - 350666-6386,3506666383 - 3506666384 - 3506666385,http://hermes.invias.gov.co/carreteras/images/peajes/alvarado.jpg,13700,Concesionaria Alternativas Viales S.A.S,Concesión,62,4305,24
loboguerrero,LOBOGUERRERO,LOBOGUERRERO,3.76300400000002,-76.6655939999999,VÍA BUENAVENTURA - BUGA KM 63+700 Tramo que cubre: Desde el PR 63+310 en Loboguerrero y finaliza en el PR 118+418 en Buga,Cruce Ruta 40 (Loboguerrero) - Buga,Norte – Sur / Sur - Norte,63,228,3228171095,3228171095,http://hermes.invias.gov.co/carreteras/images/peajes/peaje.jpg,10300,CONSORCIO NQS,Concesión,47,4001,25
manguitos,MANGUITOS,MANGUITOS,8.30157200000002,-75.530099,Vía Caucasia – Planeta Rica (Municipio de Plaza Bonita) Cubre Tramo Buenavista – Planeta Rica,Caucasia - Planeta Rica,Aplica en ambos sentido,52,138,3216177100,,http://hermes.invias.gov.co/carreteras/images/peajes/peaje.jpg,16100,Concesión Ruta al Mar,Concesión,29,2513,11
rio-bogota,RÍO BOGOTÁ,RÍO BOGOTÁ,4.69870000000003,-74.179344,Fontibon - Mosquera,Los Alpes - Madrid - Bogotá (Rio Bogotá),Oriente - Occidente Bogotá - Faca,1,485,300 2134184 - 310 3042774 - #235 Tigo - Movistar y Claro,3792200 – 8930977,http://hermes.invias.gov.co/carreteras/images/peajes/peaje.jpg,11800,INVIAS,INVIAS,96,5008A,12
boqueron-ii,BOQUERÓN II,BOQUERÓN II,4.45458400000007,-74.05033,Vía Rio Negro – San Alberto Km 53+100,Río Negro - San Alberto,Occidente – Oriente // Oriente – Occidente,11,"1,051",3123060332 - 3105851322 -3105851325 y #713,3123063223 - 3123030336 – 3105851322,http://hermes.invias.gov.co/carreteras/images/peajes/peaje.jpg,16500,COVIANDINA S.A.S.,Concesión,56,40CN01,12
iraca,IRACÁ,IRACÁ,3.63303700000006,-73.706421,Vía Villavicencio – Granada Km 7+200,Ye de Granada - Paso por el Puente sobre el Río Ocoa,Sur,6,919,(578) 668 49 90-91,(8) 6700868 - #765 018000918624,http://hermes.invias.gov.co/carreteras/images/peajes/peaje.jpg,13100,Concesión Autopistas de los Llanos,Concesión,118,6509,16
los-garzones-1,LOS GARZONES 1,LOS GARZONES 1,8.84519800000004,-75.824585,Vía Monteria - Lorica Km. 1 más 320 metros,Montería - Cereté,GARZONES 1 SUR – NORTE,1,320,3184095455 – 3182406622,3124964386,http://hermes.invias.gov.co/carreteras/images/peajes/peaje.jpg,6100,INVIAS,INVIAS,1,2103,11
el-picacho,EL PICACHO,EL PICACHO,7.10796900000003,-72.9689789999999,Bucaramanga - Pamplona,Cuestaboba - Pamplona,Sur - Norte - Norte - Sur,48,0,3124516349 - 3176462257 y 3004723174,3124516349 - 3176462257 y 3004723174,http://hermes.invias.gov.co/carreteras/images/peajes/el_picacho.jpg,12400,INVIAS,INVIAS,127,6603,22
el-corzo,EL CORZO,EL CORZO,4.74872200000004,-74.291145,El Corzo - Madrid,El Corzo - Madrid,Occidente - Oriente Faca - Bogota,57,513,(571) 893 09 77,3792200 – 8930977 300 2134184 - 310 3042774 - #235 Tigo - Movistar y Claro,http://hermes.invias.gov.co/carreteras/images/peajes/peaje.jpg,11800,INVIAS,INVIAS,95,5008A,12
niquia,NIQUÍA,NIQUÍA,6.34510075000003,-75.526595507,Km 15+000 Autopista norte,Medellìn - Hoyo Rico,Norte,0,0,(054) 312 11 99-325 06 60,4678141 - 3108992853 - 3108992853 - 2544670 - 01-8000-522-44-77,http://hermes.invias.gov.co/carreteras/images/peajes/peaje.jpg,2500,Concesión Hatovial S.A.S,Concesión,156,2510,1
paraguachon,PARAGUACHÓN,PARAGUACHÓN,11.3676140000001,-72.156624,Ubicación: 84+475 Tramo que cubre:Cuatro vías - Paraguachón,Riohacha - Paraguachón,Aplica en ambos sentido de circulación,84,476,(5) 728 85 43,3143300807 - (5) 7288542 /43,http://hermes.invias.gov.co/carreteras/images/peajes/peaje.jpg,12300,Concesión Santa Marta Paraguachón S.A,Concesión,145,9010,13
guayabal,GUAYABAL,GUAYABAL,4.88341307600007,-74.4831854,Peaje Rio Bogotá – Facatativa – Villeta – Viani – Cambao Km 63 Jurisdicción del Municipio de Guayabal,Guayabal de Síquima - Cambao,Norte - occidente // occidente - norte,0,0,3138879089,3184666166,http://hermes.invias.gov.co/carreteras/images/peajes/peaje.jpg,12400,CONCESIÓN PANAMERICANA,Concesión,162,,12
cisneros,CISNEROS,CISNEROS,6.53633000000002,-75.074777,KM 03+000 RUTA 6206. Via Cisneros - Puerto Berrio,Cisneros - Alto de Dolores,Aplica en ambos sentidos. Tramo que cubre: Cisneros - Antes de la entrada a la vía secundaria hacia,1,240,311 739 5570 – 018000413724 – (4) 8603102,321 812 2264,http://hermes.invias.gov.co/carreteras/images/peajes/cisneros.jpg,18000,Concesión Vías del Nus – VINUS S.A.S,Concesión,46,6206,1
pavas-trinidad-i,PAVAS (TRINIDAD I),PAVAS (TRINIDAD I),5.02706200000006,-75.587418,Club Campestre – La Trinidad Km. 1 + 200,Club Campestre - La Trinidad,Ambos sentidos de circulación,1,211,3138176567 #850,(6) 3282720,http://hermes.invias.gov.co/carreteras/images/peajes/peaje.jpg,14600,CONCESIÓN AUTOPISTAS DEL CAFE,Concesión,44,29CL03-1,5
san-pedro-barranca-de-upia-monterrey,SAN PEDRO,SAN PEDRO (Barranca de Upía - Monterrey),4.67860900000005,-72.943748,Villanueva - Monterrey Km.15+000,Barranca de Upía - Monterrey,Bidireccional,0,0,3178942293 - 018000180818,3168341260,http://hermes.invias.gov.co/carreteras/images/peajes/san_pedro.jpg,10800,Concesión Vial del Oriente - COVIORIENTE S.A.S,Concesión,122,6511,7
puerto-berrio,PUERTO BERRÍO,PUERTO BERRÍO,6.49666200000007,-74.501381,Vía Alto de Dolores - Puerto Berrío,Cisneros - Puerto Berrío (Incluye el Puente sobre el Río Magdalena),Aplica en ambos sentido de circulación,85,295,0348326778,3183729221,http://hermes.invias.gov.co/carreteras/images/peajes/puerto_berrio.jpg,10900,Concesión Autopistas del Río Magdalena,Concesión,115,6206,1
andes,ANDES,ANDES,4.83000300000003,-74.033081,Sector Bogotá (calle 236)-Briceño,Bogotá-La Caro-Tunja,Sur Norte Aplica Únicamente saliendo de Bogotá,2,723,676 06 52,6760652 - 6762948 3125194023 – 3125196546,http://hermes.invias.gov.co/carreteras/images/peajes/peaje.jpg,11100,CONCESIÓN ACCENORTE,Concesión,79,5501,12
calamar,CALAMAR,CALAMAR,10.208106,-74.945015,Tramo que cubre:Vía Aguztín Codazzi - San Diego,San Roque - La Paz,Ambos sentidos de circulación,131,39,3162954845 - #270 Claro,3162954845,http://hermes.invias.gov.co/carreteras/images/peajes/calamar.jpg,16300,Concesión Montes de Maria,Concesión,33,2515,2
supia,SUPÍA,SUPÍA,5.39159787600005,-75.599995129,Vía La Felisa – La Pintada,La Felisa - La Pintada,Ambos sentidos de circulación,63,434,LINEA GRATUITA: 018000423780 LINEA CELULAR: 3219738470,3219738470,http://hermes.invias.gov.co/carreteras/images/peajes/supia.jpg,16100,Concesión Pacífico Tres,Concesión,20,2508,5
el-pata,EL PATÁ,EL PATÁ,3.39378700000003,-75.2037579999999,Vía Neiva – Castilla Km 54+400 Jurisdicción de Aipe,Neiva - Natagaima,Aplica en ambos sentidos de circulación,53,376,667 10 30,3153340727 – 3174340907 - 3502621485,http://hermes.invias.gov.co/carreteras/images/peajes/peaje.jpg,15700,Concesión Autovía Neiva – Girardot,Concesión,67,4506,14
la-apartada,LA APARTADA,LA APARTADA,8.03150800000003,-75.30281,Vía Caucasia – Planeta Rica Km 12,Caucasia - Planeta Rica,Sur – Norte,11,831,3216177100,3102467118,http://hermes.invias.gov.co/carreteras/images/peajes/la_apartada.jpg,14000,Concesión Ruta al Mar,Concesión,28,2513,11
siberia,SIBERIA,SIBERIA,4.78040200000004,-74.185028,Bogotá (El Cortijo) – Siberia – La Punta – El Vino – Villeta,Villeta - Bogotá,Ambos sentidos de circulación,135,913,5939260,5939260 – 3185577768 – 3102613190 - 3002149460,http://hermes.invias.gov.co/carreteras/images/peajes/peaje.jpg,13800,CONCESIÓN SABANA DE OCCIDENTE,Concesión,92,5008,12
puente-plato,PUENTE PLATO,PUENTE PLATO,9.79138800000004,-74.808983,KM 0+150 Vía Plata – Pueblo Nuevo,Plato – Pueblo Nuevo,Sur – Norte,0,323,018000945566 Opción 1,3165280403,http://hermes.invias.gov.co/carreteras/images/peajes/peaje.jpg,11700,Concesión (Yuma),Concesión,131,8002,15
honda,HONDA,HONDA,5.20158400000003,-74.820282,Km 35 + 100 Vía Mariquita – Honda,Fresno - Honda,Norte – Sur / Sur - Norte,35,75,350 666-6375 - 350666-6386,3506666383 - 3506666384 - 3506666385,http://hermes.invias.gov.co/carreteras/images/peajes/honda.jpg,13700,Concesionaria Alternativas Viales SAS.,Concesión,91,5007,24
puerto-colombia,PUERTO COLOMBIA,PUERTO COLOMBIA,10.967563,-74.956105,Vía al Mar Km 93,Cartagena - Lomita Arena,Ambos sentidos de circulación,93,572,018000977330 - 3114803629,3124572706 - 3157210245 o #212 Movistar / 3106303666 o #211 Claro / 3004510014 o #211 Tigo,http://hermes.invias.gov.co/carreteras/images/peajes/peaje.jpg,17200,Concesión Costera - Barranquilla - Cartagena,Concesión,147,90A01,2
mata-de-cana,MATA DE CAÑA,MATA DE CAÑA,9.09145900000004,-75.8198619999999,Vía Monteria - Lorica Km 32+700 Metros,Cereté - Lorica,Sur – Norte,32,632,3216177100,3102468199 - 3145007265,http://hermes.invias.gov.co/carreteras/images/peajes/mata_de_cana.jpg,15800,Concesión Ruta al Mar,Concesión,2,2103,11
aguas-negras,AGUAS NEGRAS,AGUAS NEGRAS,6.64532600000007,-73.952462,Vía Rio Ermitaño La Lizama Km 84,Río Ermitaño - La Lizama,Aplica en ambos sentido de circulación,83,900,,3165298177,https://hermes.invias.gov.co/recursos/Fichas%20Peajes/3937.pdf,13500,Concesionaria Ruta Del Sol,Concesión,72,4511,22
albarracin,ALBARRACÍN,ALBARRACÍN,5.29067700000007,-73.5835039999999,Vía Bogotá Tunja KM 82+200 - Jurisdicción Villa Pinzón (Cundinamarca),Chocontá - Tunja,Ambos sentidos de circulación,80,"2,261",3174422284 // 3174341120 // 3174341030 // 3164086968,3203409278,http://hermes.invias.gov.co/carreteras/images/peajes/peaje.jpg,10300,Concesión Briceño - Tunja - Sogamoso,Concesión,103,5501,4
caimanera,CAIMANERA,CAIMANERA,9.46567700000003,-75.606506,,Coveñas - San Onofre,Sur – Norte,41,129,3216177100,3153483271,http://hermes.invias.gov.co/carreteras/images/peajes/peaje.jpg,15300,,Por definir,136,9004,11
quiebra-de-velez,QUIEBRA DE VELEZ,QUIEBRA DE VELEZ,5.09425114600003,-75.555374468,,Tres Puertas - Quiebra de Vélez - Manizales,,0,0,,,http://hermes.invias.gov.co/carreteras/images/peajes/peaje.jpg,3100,,Por definir,171,,5
las-palmas,LAS PALMAS,LAS PALMAS,6.15063000000004,-75.5312729999999,Km. 5 RUTA 5601 Vía Medellín - La Ceja,Glorieta Las Palmas - La Unión,Oriente – Occidente,0,0,(4) 4446178 - 2228085 - 4602225,(4) 4446178 - 2228085 - 4602225,http://hermes.invias.gov.co/carreteras/images/peajes/peaje.jpg,12200,Concesión Túnel Aburrá - Oriente S.A,Concesión,106,5601,1
los-acacios,LOS ACACIOS,LOS ACACIOS,7.72137200000003,-72.57132,Km 119+900,Pamplona - Cúcuta,Aplica en ambos sentidos,118,"1,646",3203452139,(7) 5767878,http://hermes.invias.gov.co/carreteras/images/peajes/peaje.jpg,7900,CONCESIÓN UNIÓN VIAL RÍO PAMPLONITA,Concesión,105,5505,18
santagueda,SANTAGUEDA,SANTAGUEDA,5.04866200000004,-75.598846,Cruce Guayacanes – La Manuela Km 6,Chinchiná - La Manuela,Ambos sentidos de circulación,6,"1,092",3138176567 #850,(6) 3282720,http://hermes.invias.gov.co/carreteras/images/peajes/peaje.jpg,14600,CONCESIÓN AUTOPISTAS DEL CAFE,Concesión,43,29CL03,5
betania,BETANIA,BETANIA,3.97204071900006,-76.2533831599999,Km 14 Vía Aguasclaras – Ocaña,Aguaclara - Río de Oro,Sur - Norte // Norte - Sur,78,131,3155602442,3155602442,http://hermes.invias.gov.co/carreteras/images/peajes/peaje.jpg,8200,PISA Proyectos de Infraestructura S.A.,Concesión,35,25505,25
puente-amarillo,PUENTE AMARILLO,PUENTE AMARILLO,4.19417200000004,-73.5967029999999,Conexión Anillo vial Cumaral Km 7+135,Cumaral - Barranca de Upía,Bidireccional,7,133,3178942293 - 018000180818,3168341260,http://hermes.invias.gov.co/carreteras/images/peajes/peaje.jpg,4800,Concesión Vial del Oriente - COVIORIENTE S.A.S,Concesión,120,6510,16
chicoral,CHICORAL,CHICORAL,4.24550200000004,-74.880531,Km. 17+0350 de la ruta 4004B que corresponde a la vía Variante de Chicoral,Variante Chicoral,Aplica en ambos sentidos de circulación,0,"6,493",3212087489,3138863287,http://hermes.invias.gov.co/carreteras/images/peajes/peaje.jpg,13800,Concesionaria San Rafael S.A.,Concesión,52,4004B,24
la-libertad,LA LIBERTAD,LA LIBERTAD,4.05697000000004,-73.463287,Vía Villavicencio – Puerto López Km 18+900,Villavicencio - Paso por el Puente sobre el Río La Balsa -Puerto Lopez,Oriente,17,585,3223472204 - #765,(8) 6700868 – 3115615494,http://hermes.invias.gov.co/carreteras/images/peajes/peaje.jpg,16900,Concesión Autopistas de los Llanos,Concesión,59,4007,16
purgatorio,PURGATORIO,PURGATORIO,8.63071100000008,-75.763725,Via Planeta Rica – Montería Km 32+500 Recorrido 49 KMS,Caucasia - Planeta Rica,Aplica en ambos sentido de circulación,32,672,0947911207,3116346239 - 3116346139,http://hermes.invias.gov.co/carreteras/images/peajes/peaje.jpg,16100,Concesión Ruta al Mar,Concesión,6,2513,11
zambito,ZAMBITO,ZAMBITO,6.29471400000006,-74.456992,Vía Rio Ermitaño La Lizama Km 6,Río Ermitaño - La Lizama,Aplica en ambos sentido de circulación,9,300,,3165298178,https://hermes.invias.gov.co/recursos/Fichas%20Peajes/3920.pdf,13500,Concesionaria Ruta Del Sol,Concesión,71,4511,22
gambote,GAMBOTE,GAMBOTE,10.136159,-75.264267,Km 61+400 Ruta 9005 Troncal de Occidente,Cruz del Viso - Cartagena,Ambos sentidos de circulación,61,583,3212057227,3212057230,http://hermes.invias.gov.co/carreteras/images/peajes/peaje.jpg,11200,Ruta Caribe,Concesión,138,9005,3
tucunica,TUCUNICA,TUCUNICA,10.608983,-74.168495,KM 50 Rio Ariguani – Ye de Cienaga,Paso Nacional por Aracataca - Ye de Ciénaga,Norte – Sur,48,678,018000945566 Opción 1,3176486588,http://hermes.invias.gov.co/carreteras/images/peajes/peaje.jpg,10900,Concesión (Yuma),Concesión,78,4518,15
pubenza,PUBENZA,PUBENZA,4.40331639000004,-74.7314643409999,Vía Chía – La Mesa – Girardot Km 16 Jurisdicción del Municipio de Tocaima,Girardot - Tocaima,Norte - Sur // Sur Norte,0,0,#815 Tigo - 018000953550,#815 Tigo - 018000953550,http://hermes.invias.gov.co/carreteras/images/peajes/peaje.jpg,8500,CONCESIÓN DEVISAB,Concesión,170,,12
la-tebaida,LA TEBAIDA,LA TEBAIDA,4.74462434300005,-74.171477243,Kilómetro 8 Vía Mosquera - Chía Jurisdicción del Municipio de Funza,Funza - Cota,Sur - Norte // Norte - Sur,0,0,*815 - 018000953550,*815 - 018000953550,http://hermes.invias.gov.co/carreteras/images/peajes/peaje.jpg,11200,CONCESIÓN DEVISAB,Concesión,165,,12
boqueron-i,BOQUERÓN I,BOQUERÓN I,4.45259900000002,-74.0733949999999,Tramo que cubre:Vía Rincón Hondo - Agustín Codazzi,San Roque - La Paz,Occidente – Oriente // Oriente – Occidente,4,122,3123060332 - 3105851322 -3105851325 y #713,3123063223 - 3123030336 – 3105851322,http://hermes.invias.gov.co/carreteras/images/peajes/peaje.jpg,16500,COVIANDINA S.A.S.,Concesión,55,4006,12
la-heroica,LA HEROICA,LA HEROICA,10.342343514,-75.490621142,Variante Mamonal - Gambote,Variante Mamonal - Gambote,Ambos sentidos de circulación,0,0,(57) (5)6609002 - 6607822 - 6609125,(57) (5)6609002 - 6607822 - 6609125,http://hermes.invias.gov.co/carreteras/images/peajes/peaje.jpg,2900,CONVIAL,Concesión,179,,3
marahuaco,MARAHUACO,MARAHUACO,10.574535,-75.4505589999999,Km 16 Vía Cartagena - Barranquilla,Cartagena - Lomita Arena,Ambos sentidos de circulación,15,949,018000977330 - 3114803629,3124572713 - 3157210245 Ó # 212 Movistar / 3106303666 Ó # 211 Claro / 3004510014 Ó # 211 Tigo,http://hermes.invias.gov.co/carreteras/images/peajes/peaje.jpg,18400,Concesión Costera - Barranquilla - Cartagena,Concesión,146,90A01,3
la-estrella,LA ESTRELLA,LA ESTRELLA,5.12551851000006,-75.505280332,,Manizales - Neira,,0,0,,,http://hermes.invias.gov.co/carreteras/images/peajes/peaje.jpg,6100,,Por definir,164,,5
pajarito,PAJARITO,PAJARITO,6.33180205000002,-75.599368636,,Medellín - San Pedro,,0,0,,,http://hermes.invias.gov.co/carreteras/images/peajes/peaje.jpg,12900,,Por definir,168,,1
jalisco,JALISCO,JALISCO,4.90135570300004,-74.426167866,Peaje Río Bogotá – Facatativá – Villeta – Vianí – Cambao Km 89+400 Jurisdicción del Municipio de Albán,Sasaima - Albán,Occidente - Oriente // Oriente - Occidente,0,0,3102576509,3102576509 // 31*288,http://hermes.invias.gov.co/carreteras/images/peajes/peaje.jpg,12400,CONCESIÓN PANAMERICANA,Concesión,163,,12
tarapaca-ii,TARAPACÁ II,TARAPACÁ II,4.95009900000002,-75.618682,Vía Pereira – Chinchiná PR29RSC Km 24 + 100,Intersección Jazmín - Estación de Servicio Chinchiná,Aplica en ambos sentidos de circulación,24,754,3138176567 #850,(6) 3282720,http://hermes.invias.gov.co/carreteras/images/peajes/peaje.jpg,16100,CONCESIÓN AUTOPISTAS DEL CAFE,Concesión,45,29RSC,21
los-santos,LOS SANTOS,LOS SANTOS,6.91737791400004,-73.034207319,,Piedecuesta - Los Santos,En ambos sentidos,0,0,037 646 9396 - 320 8003657,037 656 8002 - 316 6058384,http://hermes.invias.gov.co/carreteras/images/peajes/peaje.jpg,,Concesión CONSTRUVICOL S.A,Concesión,166,,22
uribia,URIBIA,URIBIA,11.606513783,-72.321876241,,Cuatrovias - Uribia,,0,0,,,http://hermes.invias.gov.co/carreteras/images/peajes/peaje.jpg,,,Por definir,180,,13
san-miguel,SAN MIGUEL,SAN MIGUEL,4.44416465900002,-74.301889391,,Fusagasugá - Sibaté,,0,0,,,http://hermes.invias.gov.co/carreteras/images/peajes/peaje.jpg,7900,,Por definir,173,,12
nuevo-salto,NUEVO SALTO,NUEVO SALTO,4.58154202000003,-74.2986611859999,Kilómetro 1.4 Vía Chusacá – El Triunfo – Viotá – El Portillo en la Vereda Charquito (Soacha),El Colegio - El Charquito,Aplica en ambos sentidos,0,0,,3114810850,http://hermes.invias.gov.co/carreteras/images/peajes/peaje.jpg,11700,Concesión Troncal del Tequendama.,Concesión,,,12
san-pedro-la-mesa-anapoima,SAN PEDRO,SAN PEDRO (La Mesa - Anapoima),4.58098863300006,-74.476174487,Chía - La Mesa - Girardot Km.61 Jurisdicción del Municipio de la Mesa,La Mesa - Anapoima,Norte - Sur // Sur - Norte,14,"1,007",#815 Tigo 018000953550,#815 Tigo 018000953550,http://hermes.invias.gov.co/carreteras/images/peajes/peaje.jpg,10500,CONCESIÓN DEVISAB,Concesión,,4702,12
mondonedo,MONDOÑEDO,MONDOÑEDO,4.63824152500007,-74.2939825239999,Vía Chía – La Mesa – Girardot Km 105 Jurisdicción del Municipio de Bojacá,La Mesa - Mosquera,Norte - Sur // Sur Norte,0,0,#815 Tigo - 018000953550,#815 Tigo - 018000953550,http://hermes.invias.gov.co/carreteras/images/peajes/peaje.jpg,11200,CONCESIÓN DEVISAB,Concesión,167,,12
ramal,RAMAL,RAMAL,4.62716543300007,-74.289809132,kilómetro 106 Via Mosquera - Ramal a Soacha,Variante Soacha - La Mesa,Occidente - Oriente // Oriente - Occidente,0,0,#815 Tigo – 018000953550,#815 Tigo – 018000953550,http://hermes.invias.gov.co/carreteras/images/peajes/peaje.jpg,11200,CONCESIÓN DEVISAB,Concesión,172,,12
pipiral,PIPIRAL,PIPIRAL,4.20004800000004,-73.72142,Vía Villavicencio – Puente Susumuco Km 78+020,Bogotá (El Portal) - Villavicencio,Occidente,72,40,3123060332 - 3105851322 -3105851325 y #713,3214698772 - 3105851322,http://hermes.invias.gov.co/carreteras/images/peajes/peaje.jpg,23000,COVIANDINA S.A.S.,Concesión,58,4006,16
turbaco,TURBACO,TURBACO,10.3569754530001,-75.4434161349999,Km 60+00 y 68+00 Ruta 9005 Troncal de Occidente,Cruz del Viso - Cartagena,Ambos sentidos de circulación,96,420,3212057227,3212057230,http://hermes.invias.gov.co/carreteras/images/peajes/peaje.jpg,5100,Ruta Caribe,Concesión,139,9005,3
bazurto-manga,BAZURTO (MANGA),BAZURTO (MANGA),10.4067850500001,-75.526546588,Vía Puente Nacional – San Gil Km 62+950,Puente Nacional - San Gil,Ambos sentidos de circulación,0,0,(57) (5)6609002 - 6607822 - 6609125,(57)(5)6609002 - 6607822 - 6609125,http://hermes.invias.gov.co/carreteras/images/peajes/peaje.jpg,2300,CONVIAL,Concesión,160,,3
ceballos,CEBALLOS,CEBALLOS,10.383016105,-75.5059221819999,,La Línea - Cajamarca,Ambos sentidos de circulación,0,0,(57) (5)6609002 - 6607822 - 6609125,(57) (5)6609002 - 6607822 - 6609125,http://hermes.invias.gov.co/carreteras/images/peajes/peaje.jpg,2500,CONVIAL,Concesión,176,,3
santa-elena,SANTA ELENA,SANTA ELENA,6.17965929600007,-75.4613569959999,Km 21+500 - Vía Medellín - Ríonegro,Vía Antigua a Rionegro,Ambos sentidos de circulación,0,0,(4) 4446178 - 2228085 - 4602225,(4) 4446178 - 2228085 - 4602225,http://hermes.invias.gov.co/carreteras/images/peajes/peaje.jpg,15100,Concesión Túnel Aburrá - Oriente S.A,Concesión,174,0,1
variante-las-palmas,VARIANTE LAS PALMAS,VARIANTE LAS PALMAS,6.17065388700007,-75.478890798,,Las Palmas - Aeropuerto,,0,0,,,http://hermes.invias.gov.co/carreteras/images/peajes/peaje.jpg,20200,Concesión Túnel Aburrá-Oriente,Concesión,175,,1
cabildo,CABILDO,CABILDO,6.39579700000007,-75.423661,Vía Ubate Puente Nacional Km 66+200 Jurisdicción Saboyá,Ubaté - Puente Nacional,,0,0,01-8000-522-44-77,2892224 - 3108992859,http://hermes.invias.gov.co/carreteras/images/peajes/peaje.jpg,16700,,Por definir,23,0,1
aburra,ABURRA,ABURRA,6.29319200000003,-75.651083,Oriente Occidente Km 39+600 Occidente Oriente Km 44+800 - vía Santa Fe de Antioquia Medellín,Puente Aurrá - Medellín,Santa Fe de Antioquia - Medellín,0,0,3176676335 018000400016,(1) 2863300,http://hermes.invias.gov.co/carreteras/images/peajes/peaje.jpg,20600,DESARROLLO VIAL AL MAR SAS,Concesión,114,0,1
casetabla,CASETABLA,CASETABLA,4.11271500000004,-72.8350139999999,,Armenia - La Línea,Oriente,16,237,018000918624 Operadores Claro – Movistar #765,3102466017,http://hermes.invias.gov.co/carreteras/images/peajes/casetabla.jpg,6900,Concesión Autopistas de los Llanos,Concesión,60,4008,16
sabanagrande,SABANAGRANDE,SABANAGRANDE,10.799603,-74.759003,Vía Oriental Km 55,Palmar de Varela - Barranquilla,Ambos sentidos de circulación,64,807,3212057227,3006738048,http://hermes.invias.gov.co/carreteras/images/peajes/peaje.jpg,11900,Consorcio Ruta Caribe,Concesión,34,2516,2
fusca,FUSCA,FUSCA,4.83535800000004,-74.0289309999999,Bogotá – Albarracín Km 4,Bogotá - Ubaté,Sur – Norte Aplica Únicamente saliendo de Bogotá,3,921,676 06 52,6760652 Opc 1 - 3125194023 – 3125196546,http://hermes.invias.gov.co/carreteras/images/peajes/peaje.jpg,11100,CONCESIÓN ACCENORTE,Concesión,101,45A04,12
tarapaca-i,TARAPACÁ I,TARAPACÁ I,4.93954600000006,-75.6164449999999,Vía Pereira – Manizales Km. 20 + 200,La Romelia - Río Campo Alegre,Ambos sentidos de circulación,20,762,3138176567 #850,(6) 3282720,http://hermes.invias.gov.co/carreteras/images/peajes/peaje.jpg,16100,CONCESIÓN AUTOPISTAS DEL CAFE,Concesión,41,2902,21
san-bernardo-trinidad-ll,SAN BERNARDO (TRINIDAD ll),SAN BERNARDO (TRINIDAD ll),5.05220000000003,-75.594574,Tres Puertas – Puente La Libertad Km. 9 + 200,Tres Puertas -La Manuela - Estación Uribe,Ambos sentidos de circulación,9,177,3138176567 #850,(6) 3282720,http://hermes.invias.gov.co/carreteras/images/peajes/peaje.jpg,14600,CONCESIÓN AUTOPISTAS DEL CAFE,Concesión,90,5005,5
caiqueros,CAIQUEROS,CAIQUEROS,5.06536600000004,-74.4141079999999,Vía Cauyá - El Palo,Cauyá - La Felisa,Ambos sentidos de circulación,76,"1,331",5939260,5939260 ---------3185577768---------- 3102613190----------- 3002149460,http://hermes.invias.gov.co/carreteras/images/peajes/peaje.jpg,12800,CONCESIÓN SABANA DE OCCIDENTE,Concesión,93,5008,12
las-flores,LAS FLORES,LAS FLORES,9.31889100000006,-75.320053,Sincelejo-Puerta de Hierro-Calamar,Sincelejo - Corozal,Nor Oriente,5,600,3184095455 – 3182406622,3124964386,http://hermes.invias.gov.co/carreteras/images/peajes/peaje.jpg,6100,INVIAS,INVIAS,31,2515,23
circasia,CIRCASIA,CIRCASIA,4.69838800000002,-75.606148,Vía Armenia - Pereira Km. 16+750,Armenia-Pereira,Norte Sur y Sur Norte,15,"1,723",602 22 33,(6) 3282720 3138176567 #850,http://hermes.invias.gov.co/carreteras/images/peajes/peaje.jpg,19200,CONCESIÓN AUTOPISTAS DEL CAFE,Concesión,40,2901,20
neguanje,NEGUANJE,NEGUANJE,11.2530630000001,-74.109322,Ubicación: 6+500 Tramo que cubre: Puente Nenguange – Palomino,Santa Marta - Río Palomino,Aplica en ambos sentidos,6,759,(5) 728 85 43,3138891473 - (5) 7288542/43,http://hermes.invias.gov.co/carreteras/images/peajes/peaje.jpg,12300,Concesión Santa Marta Paraguachón S.A,Concesión,142,9008,15
unisabana,UNISABANA,UNISABANA,4.85540300000002,-74.031464,Bogotá – Albarracín Km 5+600,Bogotá - Ubaté,Sur – Norte,5,627,676 06 52,6760652 Opc 1 - 3125194023 – 3125196546,http://hermes.invias.gov.co/carreteras/images/peajes/peaje.jpg,,CONCESIÓN ACCENORTE,Concesión,80,45A04,12
yucao,YUCAO,YUCAO,4.35131700000005,-72.169253,Vía Puerto López - Puerto Gaitán Km.99+200,Puerto López - Puerto Gaitán,Oriente,5,175,018000918624 Operadores Claro - Movistar #765,3102466052,http://hermes.invias.gov.co/carreteras/images/peajes/peaje.jpg,6900,Concesión Autopistas de los Llanos,Concesión,61,4008,16
guarne,GUARNE,GUARNE,6.32795500000003,-75.5155329999999,Km 7 Autopista Medellín - Bogotá,Medellín - Santuario,Oriente,6,950,#618 - 018000518427 - (4) 3860085,018000518427 - 408-08-42 - 3860085,http://hermes.invias.gov.co/carreteras/images/peajes/peaje.jpg,16800,Concesión Devimed,Concesión,110,6004,1
los-cauchos,LOS CAUCHOS,LOS CAUCHOS,2.78557800000004,-75.301956,Vía Garzon – Neiva Km 98+499 Jurisdicción Municipio de Rivera,Garzón - Neiva,Aplica en ambos sentidos de circulación,98,628,311 260 50 25 - #296,320 995 5541,http://hermes.invias.gov.co/carreteras/images/peajes/los_cauchos.jpg,9200,Concesión Rodovias Colombia S.A.S,Concesión,65,4505,14
primavera,PRIMAVERA,PRIMAVERA,5.96879700000005,-75.594025,KM 38+800 RUTA 2509 - Via Medellin - La Pintada,La Pintada - Primavera,Sur – Norte,38,824,3185018100 - #272 Claro Movistar y Tigo,3173673153,http://hermes.invias.gov.co/carreteras/images/peajes/primavera.jpg,10500,CONCESION LA PINTADA S.A.S. (ODINSA),Concesión,22,2509,1
papiros,PAPIROS,PAPIROS,11.0127000000001,-74.8895879999999,Vía al mar Km 101,Cartagena - Lomita Arena,Sentido Occidente Oriente,103,788,018000977330 - 3114803629,3173317167,http://hermes.invias.gov.co/carreteras/images/peajes/peaje.jpg,3000,Concesión Costera - Barranquilla - Cartagena,Concesión,148,90A01,2
neiva,NEIVA,NEIVA,2.97780200000005,-75.307259,Vía Neiva – Castilla Km 3+700 Jurisdicción Municipio de Neiva,Neiva - Natagaima,Aplica en ambos sentidos de circulación,3,728,667 10 30,3153340727 – 3174340907 - 3502621485,http://hermes.invias.gov.co/carreteras/images/peajes/peaje.jpg,15700,Concesión Autovía Neiva – Girardot,Concesión,66,4506,14
ocoa,OCOA,OCOA,4.02625900000004,-73.7751919999999,Vía Villavicencio – Granada Km 54+450,Ye de Granada - Paso por el Puente sobre el Río Ocoa,Sur,54,629,(578) 668 49 90-91,(8) 6700868 – 3138860370 - 018000918624 - #76,http://hermes.invias.gov.co/carreteras/images/peajes/peaje.jpg,13100,Concesión Autopistas de los Llanos,Concesión,119,6509,16
el-koran,EL KORÁN,EL KORÁN,5.49713170400003,-74.613729591,Bogotá – Medellín - Norte,El Korán - Guaduas,Sur – Norte Variante Guaduas - Intersección Koran,3,100,3185166166 / 018000914181,(1) 5188489,http://hermes.invias.gov.co/carreteras/images/peajes/peaje.jpg,18900,INVIAS,INVIAS,97,5008B,12
los-patios,LOS PATIOS,LOS PATIOS,4.66337400000003,-74.0105799999999,La Calera – Briceño Km 0+050,Bogotá (Los Patios) - Guasca,Sur – Norte,21,639,3102399451 - 3162340275 - #762 y 018000181762,3118179035,http://hermes.invias.gov.co/carreteras/images/peajes/patios.jpg,12300,INVIAS – VIPSA,INVIAS,98,5009,12
la-cabana,LA CABAÑA,LA CABAÑA,4.80945400000007,-73.945587,La Calera – Briceño Km 21+800,Bogotá (Los Patios) - Guasca,Norte – Sur,0,0,3102399451 - 3162340275 - #762 y 018000181762,3112178121,http://hermes.invias.gov.co/carreteras/images/peajes/la_cabana.jpg,12300,PERIMETRAL ORIENTAL DE BOGOTÁ S.A.S,Concesión,99,5009,12
el-carmen,EL CARMEN,EL CARMEN,9.68215500000002,-75.124916,Km 70+500 Troncal de Occidente Ruta 2515 Vía Sincelejo – Calamar,Puerta de Hierro - Carreto,Ambos sentidos de circulación,60,667,3162954845 - #270 Claro,3162954845,http://hermes.invias.gov.co/carreteras/images/peajes/el_carmen.jpg,11100,Autopista de la sabana,Concesión,32,2515,3
acapulco,ACAPULCO,ACAPULCO,4.99906200000004,-75.858871,Vía Y de Cerritos - Cauyá PR2507 Km 24,La Virginia - Remolinos,Aplica en ambos sentidos de circulación,24,45,018000423780 – 3219738470,3219738470,http://hermes.invias.gov.co/carreteras/images/peajes/acapulco.jpg,14600,CONCESION PACÍFICO TRES S.A.S (ODINSA),Concesión,19,2507,21
el-ebanal,EL EBANAL,EL EBANAL,11.276194,-73.122124,Ubicación: 53+950 Tramo que cubre:Vía Riohacha - Palomino,Río Palomino - Riohacha,Aplica en ambos sentidos de circulación,955,53,(5) 728 85 43,3143300807 - (5) 7288542 /43,http://hermes.invias.gov.co/carreteras/images/peajes/peaje.jpg,12300,Concesión Santa Marta Paraguachón S.A,Concesión,143,9009,13
flandes,FLANDES,FLANDES,4.19209900000004,-74.8611529999999,Km. 4 Vía Espinal - Girardot,El Espinal - Girardot,Aplica en ambos sentidos de circulación,47,"1,640",667 10 30,3153340727 – 3174340907 - 3502621485,http://hermes.invias.gov.co/carreteras/images/peajes/peaje.jpg,15700,Concesión Autovía Neiva – Girardot,Concesión,68,4507,24
laureano-gomez,LAUREANO GÓMEZ,LAUREANO GÓMEZ,10.978719174,-74.729718979,KM 3+300 Vía Barranquilla – Santa Marta,Barranquilla - Santa Marta,Norte – Sur,5,569,3106303030 - 3106328761,3106328761,http://hermes.invias.gov.co/carreteras/images/peajes/peaje.jpg,10100,Concesión (Barranquilla -Ciénaga),Concesión,158,9007,15
veracruz,VERACRUZ,VERACRUZ,4.26108800000003,-73.448189,Vía Cumaral – Paratebueno Km 29+555,Cumaral - Barranca de Upía,Bidireccional,29,557,3178942293 - 018000180818,3168341260,http://hermes.invias.gov.co/carreteras/images/peajes/peaje.jpg,8600,Concesión Vial del Oriente - COVIORIENTE S.A.S,Concesión,121,6510,16
tasajera,TASAJERA,TASAJERA,10.9771881520001,-74.3366643319999,KM 50 Vía Barranquilla – Santa Marta,Barranquilla - Santa Marta,Norte – Sur,50,881,3106303030 - 3106328761,3106328761,http://hermes.invias.gov.co/carreteras/images/peajes/peaje.jpg,10100,Concesión (Barranquilla -Ciénaga),Concesión,159,9007,15
corozal,COROZAL,COROZAL,4.40792900000002,-75.899872,Vía La Paila - Armenia Km 23,La Paila - Club Campestre,Sur - Norte // Norte - Sur,21,"1,604",3138176567 #850,(6) 3282720,http://hermes.invias.gov.co/carreteras/images/peajes/peaje.jpg,14600,CONCESIÓN AUTOPISTAS DEL CAFE,Concesión,48,4002,25
pandequeso,PANDEQUESO,PANDEQUESO,6.47799800000007,-75.37861,KM 38+700 RUTA 2510 - vía Medellín – La costa,Medellìn - Hoyo Rico,Norte - Sur,0,0,094-4012277 - 018000524477,094-8664105 - 3108992850,http://hermes.invias.gov.co/carreteras/images/peajes/peaje.jpg,14600,CONCESION ANI,Concesión,25,2510,1
cedros,CEDROS,CEDROS,8.81977500000005,-75.998909,Via Puerto Rey – Montería Km 47 Recorrido 67 KMS,Puerto Rey - Monteria,Aplica en ambos sentido de circulación,46,"1,001",094 - 7911207,3116346193 - 3116346192,http://hermes.invias.gov.co/carreteras/images/peajes/peaje.jpg,16100,Concesión Ruta al Mar,Concesión,130,7401,11
el-dificil,EL DIFÍCIL,EL DIFÍCIL,9.83116600000005,-74.267754,KM 67+300 Plato – Pueblo Nuevo,Plato – Pueblo Nuevo,Sur – Norte,67,175,018000945566 Opción 1,3165298176,http://hermes.invias.gov.co/carreteras/images/peajes/peaje.jpg,11700,Concesión (Yuma),Concesión,132,8002,15
el-roble,EL ROBLE,EL ROBLE,5.03128500000003,-73.839882,Bogotá – Albarracín Km 36,Bogotá - Chocontá,Sur – Norte // Norte – Sur,0,0,3174422284 // 3174341120 // 3174341030 // 3164086968,3203409278,http://hermes.invias.gov.co/carreteras/images/peajes/peaje.jpg,10300,Concesión Briceño - Tunja - Sogamoso,Concesión,102,5501,12
amaga,AMAGÁ,AMAGÁ,6.04694900000004,-75.6598739999999,KM 03+100 RUTA 6005 Via Santuario - Puerto Triunfo,El Santuario - Cruce Ruta 45 (Caño Alegre),Suroeste Tramo que cubre: Bolombolo - Camilo C,89,351,3207103032,3207103032,http://hermes.invias.gov.co/carreteras/images/peajes/amaga.jpg,10500,Concesión Vial del Pacífico,Concesión,109,6003,1
san-onofre,SAN ONOFRE,SAN ONOFRE,9.87253100000004,-75.393358,Vía San Onofre – Cruz del Viso Km 21+400 metros,San Onofre - María La Baja,Norte – Sur,21,497,3216177100,3104320955,http://hermes.invias.gov.co/carreteras/images/peajes/san_onofre.jpg,16100,Concesión Ruta al Mar,Concesión,137,9005,23
la-esperanza,LA ESPERANZA,LA ESPERANZA,9.43074200000007,-75.435951,Toluviego - Sincelejo,Sincelejo - Toluviejo,Aplica en ambos sentidos,15,200,3184095455 – 3182406622,3124964386,http://hermes.invias.gov.co/carreteras/images/peajes/la_esperanza.jpg,10900,INVIAS,INVIAS,39,25SC01,23
alto-pino,ALTO PINO,ALTO PINO,11.4448736530001,-72.5423520589999,Cogua – Tausa Km 40+000,Rioacha - Paraguachon,Aplica en ambos sentidos de circulación,41,170,(5) 728 85 43,314 3300807 - (5) 7288542 /43,http://hermes.invias.gov.co/carreteras/images/peajes/peaje.jpg,12300,Concesión Santa Marta Paraguachón S.A,Concesión,144,9010,13
altamira,ALTAMIRA,ALTAMIRA,2.14288500000004,-75.700684,Vía Planeta Rica - Sincelejo Km 26 + 300,Planeta Rica - La Ye,Aplica en ambos sentidos de circulación,497,60,311 260 50 25 - #296,320 995 5541,http://hermes.invias.gov.co/carreteras/images/peajes/altamira.jpg,10700,Concesión Rodovias Colombia S.A.S,Concesión,64,4504,14
chusaca,CHUSACÁ,CHUSACÁ,4.53745200000003,-74.271805,Soacha – Girardot Km 109,Girardot - Silvania - Bogotá (Bosa),Sur - Norte // Norte - Sur,109,217,3104224687 - 3117872339 - 3117903187,3104224687 - 3117872339 - 3117903187,http://hermes.invias.gov.co/carreteras/images/peajes/peaje.jpg,13300,Concesión Vía 40 Express,Concesión,54,4005,12
gualanday,GUALANDAY,GUALANDAY,4.30042600000007,-75.050087,Km. 9+0600 de la ruta 4004 que corresponde a la vía Ibagué (Puente Blanco El Espinal (cruce ruta 45)) Espinal,Ibague (Puente Blanco) - Cruce Ruta 45 (Espinal),Aplica en ambos sentidos de circulación,9,551,3212087489,3138863287,http://hermes.invias.gov.co/carreteras/images/peajes/peaje.jpg,12700,Concesionaria San Rafael S.A.,Concesión,51,4404,24
tuta,TUTA,TUTA,5.65691200000003,-73.2784349999999,Via Tunja – Paipa Km 12+200 Jurisdiccion Combita,Tunja - Duitama,Ambos sentidos de circulación,11,"1,055",3174422284,3174340959,http://hermes.invias.gov.co/carreteras/images/peajes/peaje.jpg,10300,Concesión Briceño - Tunja - Sogamoso,Concesión,104,5502,4
trapiche,TRAPICHE,TRAPICHE,6.39963700000004,-75.433016,Km 4 Vía alterna Girardota Hatillo,Medellìn - Hoyo Rico,Norte,0,0,(054) 312 11 99-325 06 60,2892224 – 3108992859 - 01-8000-522-44-77,http://hermes.invias.gov.co/carreteras/images/peajes/peaje.jpg,16700,,Por definir,24,2510,1
pintada,PINTADA,PINTADA,5.81215600000007,-75.679156,KM 03 RUTA 25B01 Vía Pintada – Bolombolo,La Pintada - Peñalisa,Sur – Norte,2,957,3185018100 - #272 Claro Movistar y Tigo,3173673153,http://hermes.invias.gov.co/carreteras/images/peajes/peaje.jpg,16200,Concesión Pacifico Tres S.A.S.,Concesión,38,25B01,1
macheta,MACHETÁ,MACHETÁ,5.07724900000005,-73.553398,Vía Sisga – Guateque Km 27,Brisas - Guateque,Ambos sentidos de circulación,27,250,320 928 4913 - 321 964 0314,320 928 4913 - 321 964 0314,http://hermes.invias.gov.co/carreteras/images/peajes/peaje.jpg,16900,CONCESIÓN DEL SISGA S.A.S.,Concesión,107,5607,12
el-copey,EL COPEY,EL COPEY,10.060372,-73.923826,Km 10+300 Vía Bosconia – Rio Ariguani,Bosconia - Río Ariguaní,Sur – Norte,10,448,018000945566 Opción 1,3165280504,http://hermes.invias.gov.co/carreteras/images/peajes/peaje.jpg,10100,Yuma Concesionaria,Concesión,77,4517,9
corralito-de-piedra,CORRALITO DE PIEDRA,CORRALITO DE PIEDRA,10.3096587110001,-75.485086785,Variante Mamonal - Gambote,Vía a Barú,Ambos sentidos de circulación,26,328,(57) (5)6609002 - 6607822 - 6609125,(57) (5)6609002 - 6607822 - 6609125,http://hermes.invias.gov.co/carreteras/images/peajes/peaje.jpg,7900,CONVIAL,Concesión,177,90BLB,3
galapa,GALAPA,GALAPA,10.8375330000001,-74.902122,Vía Cordialidad Km 98,Sabanalarga - Barranquilla,Ambos sentidos de circulación,101,927,3212057229,3212057229,http://hermes.invias.gov.co/carreteras/images/peajes/peaje.jpg,11900,Autopista del Sol,Concesión,140,9006,2
bayunca,BAYUNCA,BAYUNCA,10.546992,-75.365173,KM 03+450 RUTA 2511 - vía Medellin - La Costa,Los Llanos - Tarazá,Ambos sentidos de circulación,19,578,3212057227,3212057236,http://hermes.invias.gov.co/carreteras/images/peajes/peaje.jpg,11200,Autopistas del sol,Concesión,141,9006,3
pailitas,PAILITAS,PAILITAS,8.85280400000005,-73.669722,Km 28+500 Vía La Mata – San Roque,La Mata - San Roque,Norte – Sur – Norte,28,600,,3165280395,https://hermes.invias.gov.co/recursos/Fichas%20Peajes/3802.pdf,12300,INVIAS,INVIAS,75,4515,9
la-loma,LA LOMA,LA LOMA,9.63800300000003,-73.6394349999999,Km 42 Vía San Roque - Bosconia,San Roque - Bosconia,Sur – Norte,40,"1,927",018000945566 Opción 1,3158210547,http://hermes.invias.gov.co/carreteras/images/peajes/peaje.jpg,10400,Concesión Yuma,Concesión,76,4516,9
la-gomez,LA GÓMEZ,LA GÓMEZ,7.39717600000006,-73.546519,Vía La Lizama – San Alberto Km 37 + 300,Cruce Ruta 45 (La Fortuna) - Lebrija,Sur – Norte,37,300,,,https://hermes.invias.gov.co/recursos/Fichas%20Peajes/3800.pdf,13500,INVIAS,INVIAS,126,6602,22
aranguaney-no-operativo,ARANGUANEY (NO OPERATIVO),ARANGUANEY (NO OPERATIVO),5.41098872700007,-72.305021639,Via Sogamoso Yopal Km 8+900 Jurisdiccion Sogamoso,Sogamoso - El Crucero,Bidireccional,16,800,,,,,INVIAS,INVIAS,,6513,7
valencia,VALENCIA,VALENCIA,10.2597040000001,-73.430756,Km 87 Vía Pueblo Nuevo – Valledupar,Pueblo Nuevo – Bosconia – Valledupar,Sur – Norte,87,540,018000945566 Opción 1,3165280411,http://hermes.invias.gov.co/carreteras/images/peajes/peaje.jpg,10400,Yuma Concesionaria,Concesión,133,8003,9
sajonia,SAJONIA,SAJONIA (Túnel de Oriente),6.1792179,-75.4528135,Conexión Vial Aburrá - Oriente (Túnel de Oriente),Medellín - Rionegro,,,,,,,26300,Concesión Túnel Aburrá - Oriente S.A,Concesión,,,
